conta_ID,ID,Data,Valor,Descrição,Categoria,
3185062241,20240404004,2024-04-04,-167.0,COMPRA DABITO ARCA DE NOE 04 04,Pet,
3185062241,20240430001,2024-04-30,-233.3,COMPRA DABITO ARCA DE NOE 3004,Pet,
3185062241,20240404002,2024-04-04,-611.96,COMPRA DABITO ASSAI ATACA 04 04,Mercado,
3185062241,20240312001,2024-03-12,-589.42,COMPRA DABITO ASSAI ATACA 12 03,Mercado,
4563108796,20240517001,2024-05-17,-578.3,COMPRA DABITO ASSAI ATACAD1705,Mercado,
4563108796,20240923004,2024-09-23,-3.04,COMPRA DABITO ASSAI ATACAD2209 ASSAI ATACADISTA,Mercado,
4563108796,20240424003,2024-04-24,-4.0,COMPRA DABITO ASSAI ATACAD2404,Mercado,
4563108796,20240311002,2024-03-11,-37.0,COMPRA DABITO BAR E MERCE 10 03,Alimentação,
4563108796,20240502002,2024-05-02,-9.0,COMPRA DABITO BAR E MERCEA0205,Alimentação,
4563108796,20240708003,2024-07-08,-19.0,COMPRA DABITO BIG STAR CON0607 BIG STAR CONVENIENCIA,Alimentação,
4563108796,20240424002,2024-04-24,-60.6,COMPRA DABITO CABO FRIO DR2404,Geral,
4563108796,20240610001,2024-06-10,-10.35,COMPRA DABITO CAPPTA  ACOU0806 CAPPTA  ACOUGUE CASAL,Alimentação,
4563108796,20240603002,2024-06-03,-12.0,COMPRA DABITO CAPPTA  PADA0106 CAPPTA  PADARIA E CONF,Alimentação,
4563108796,20240708004,2024-07-08,-19.99,COMPRA DABITO CAPPTA  PADA0607 CAPPTA  PADARIA E CONF,Alimentação,
4563108796,20240610002,2024-06-10,-12.0,COMPRA DABITO CAPPTA  PADA0806 CAPPTA  PADARIA E CONF,Alimentação,
4563108796,20240624001,2024-06-24,-12.0,COMPRA DABITO CAPPTA  PADA2206 CAPPTA  PADARIA E CONF,Alimentação,
4563108796,20240701001,2024-07-01,-12.0,COMPRA DABITO CAPPTA  PADA2906 CAPPTA  PADARIA E CONF,Alimentação,
4563108796,20240701002,2024-07-01,-18.6,COMPRA DABITO CAPPTA  PADA3006 CAPPTA  PADARIA E CONF,Alimentação,
3185062241,20240515002,2024-05-15,-35.6,COMPRA DABITO CASA PEDRO  1505,,
3185062241,20240508001,2024-05-08,-29.89,COMPRA DABITO CREDPAY CRE 08 05,,
4563108796,20240422001,2024-04-22,-12.0,COMPRA DABITO DOCE SONHO,Alimentação,
4563108796,20240422002,2024-04-22,-19.89,COMPRA DABITO DOCE SONHO,Alimentação,
4563108796,20240401001,2024-04-01,-12.0,COMPRA DABITO DOCE SONHO  01 04,Alimentação,
4563108796,20240902001,2024-09-02,-12.0,COMPRA DABITO DOCE SONHO  0109 DOCE SONHO,Alimentação,
4563108796,20240506002,2024-05-06,-12.0,COMPRA DABITO DOCE SONHO  0405,Alimentação,
4563108796,20240805001,2024-08-05,-12.0,COMPRA DABITO DOCE SONHO  0408 DOCE SONHO,Alimentação,
4563108796,20240405001,2024-04-05,-12.0,COMPRA DABITO DOCE SONHO  05 04,Alimentação,
4563108796,20240506001,2024-05-06,-12.0,COMPRA DABITO DOCE SONHO  0605,Alimentação,
4563108796,20240408001,2024-04-08,-12.0,COMPRA DABITO DOCE SONHO  07 04,Alimentação,
4563108796,20240909001,2024-09-09,-12.0,COMPRA DABITO DOCE SONHO  0709 DOCE SONHO,Alimentação,
4563108796,20240508001,2024-05-08,-12.0,COMPRA DABITO DOCE SONHO  08 05,Alimentação,
4563108796,20240311001,2024-03-11,-12.0,COMPRA DABITO DOCE SONHO  09 03,Alimentação,
4563108796,20240409001,2024-04-09,-12.0,COMPRA DABITO DOCE SONHO  09 04,Alimentação,
4563108796,20240510001,2024-05-10,-12.0,COMPRA DABITO DOCE SONHO  1005,Alimentação,
4563108796,20240411001,2024-04-11,-12.0,COMPRA DABITO DOCE SONHO  11 04,Alimentação,
4563108796,20240812001,2024-08-12,-12.0,COMPRA DABITO DOCE SONHO  1108 DOCE SONHO,Alimentação,
4563108796,20240312001,2024-03-12,-12.0,COMPRA DABITO DOCE SONHO  12 03,Alimentação,
4563108796,20240513001,2024-05-13,-12.0,COMPRA DABITO DOCE SONHO  1205,Alimentação,
4563108796,20240415001,2024-04-15,-12.0,COMPRA DABITO DOCE SONHO  13 04,Alimentação,
4563108796,20240916002,2024-09-16,-12.0,COMPRA DABITO DOCE SONHO  1409 DOCE SONHO,Alimentação,
4563108796,20240515001,2024-05-15,-16.29,COMPRA DABITO DOCE SONHO  1505,Alimentação,
4563108796,20240318002,2024-03-18,-12.0,COMPRA DABITO DOCE SONHO  16 03,Alimentação,
4563108796,20240416001,2024-04-16,-12.0,COMPRA DABITO DOCE SONHO  16 04,Alimentação,
4563108796,20240516001,2024-05-16,-12.0,COMPRA DABITO DOCE SONHO  1605,Alimentação,
4563108796,20240318001,2024-03-18,-12.0,COMPRA DABITO DOCE SONHO  18 03,Alimentação,
4563108796,20240418001,2024-04-18,-12.0,COMPRA DABITO DOCE SONHO  18 04,Alimentação,
4563108796,20240520002,2024-05-20,-12.0,COMPRA DABITO DOCE SONHO  1805,Alimentação,
4563108796,20240819001,2024-08-19,-12.0,COMPRA DABITO DOCE SONHO  1808 DOCE SONHO,Alimentação,
4563108796,20240321001,2024-03-21,-12.0,COMPRA DABITO DOCE SONHO  21 03,Alimentação,
4563108796,20240923001,2024-09-23,-12.0,COMPRA DABITO DOCE SONHO  2109 DOCE SONHO,Alimentação,
4563108796,20240325001,2024-03-25,-12.0,COMPRA DABITO DOCE SONHO  23 03,Alimentação,
4563108796,20240424001,2024-04-24,-12.0,COMPRA DABITO DOCE SONHO  2404,Alimentação,
4563108796,20240527002,2024-05-27,-12.0,COMPRA DABITO DOCE SONHO  2505 DOCE SONHO,Alimentação,
4563108796,20240826001,2024-08-26,-12.0,COMPRA DABITO DOCE SONHO  2508 DOCE SONHO,Alimentação,
4563108796,20240326001,2024-03-26,-12.0,COMPRA DABITO DOCE SONHO  26 03,Alimentação,
4563108796,20240426001,2024-04-26,-12.0,COMPRA DABITO DOCE SONHO  2604,Alimentação,
4563108796,20240328001,2024-03-28,-12.0,COMPRA DABITO DOCE SONHO  28 03,Alimentação,
4563108796,20240429001,2024-04-29,-12.0,COMPRA DABITO DOCE SONHO  2804,Alimentação,
4563108796,20240729001,2024-07-29,-12.0,COMPRA DABITO DOCE SONHO  2807 DOCE SONHO,Alimentação,
4563108796,20240930001,2024-09-30,-12.0,COMPRA DABITO DOCE SONHO  2809 DOCE SONHO,Alimentação,
4563108796,20240401002,2024-04-01,-12.0,COMPRA DABITO DOCE SONHO  30 03,Alimentação,
4563108796,20240430001,2024-04-30,-12.0,COMPRA DABITO DOCE SONHO  3004,Alimentação,
3185062241,20240424001,2024-04-24,-22.9,COMPRA DABITO DROGARIA DO 2404,Farmácia,
4563108796,20240411004,2024-04-11,-13.54,COMPRA DABITO DROGARIA MA 11 04,Farmácia,
3185062241,20240424002,2024-04-24,-62.88,COMPRA DABITO DROGARIA MAR2404,Farmácia,
3185062241,20240424004,2024-04-24,-4.98,COMPRA DABITO DROGARIA ULT2404,Farmácia,
3185062241,20240515001,2024-05-15,-58.24,COMPRA DABITO DROGARIAS PA1505,Farmácia,
3185062241,20240404003,2024-04-04,-64.98,COMPRA DABITO GREEN FRUIT 04 04,Mercado,
3185062241,20240426002,2024-04-26,-86.27,COMPRA DABITO GREEN FRUIT 2604,Mercado,
4563108796,20240930003,2024-09-30,-12.9,COMPRA DABITO GREEN FRUIT 2809 GREEN FRUIT,Mercado,
4563108796,20240708002,2024-07-08,-107.99,COMPRA DABITO JUNIOR DO GA0607 JUNIOR DO GAS,Gás,
4563108796,20240318003,2024-03-18,-252.5,COMPRA DABITO M P AUTO PE 18 03,Carro,
4563108796,20240411003,2024-04-11,-16.0,COMPRA DABITO MAICA ANDRA 11 04,Geral,
4563108796,20240411002,2024-04-11,-21.6,COMPRA DABITO MANOEL PINT 11 04,Geral,
4563108796,20240322001,2024-03-22,-20.0,COMPRA DABITO MP  CARLACE 22 03,Geral,
4563108796,20240311003,2024-03-11,-7.0,COMPRA DABITO OPEN DEPOSI 10 03,Alimentação,
4563108796,20240411005,2024-04-11,-14.0,COMPRA DABITO OPEN DEPOSI 11 04,Alimentação,
4563108796,20240321002,2024-03-21,-7.0,COMPRA DABITO OPEN DEPOSI 21 03,Alimentação,
4563108796,20240325003,2024-03-25,-7.0,COMPRA DABITO OPEN DEPOSI 23 03,Alimentação,
4563108796,20240401003,2024-04-01,-7.0,COMPRA DABITO OPEN DEPOSI 29 03,Alimentação,
4563108796,20240422003,2024-04-22,-14.0,COMPRA DABITO OPEN DEPOSIT,Alimentação,
4563108796,20240805003,2024-08-05,-7.5,COMPRA DABITO OPEN DEPOSIT0308 OPEN DEPOSITO DE BEBID,Alimentação,
4563108796,20240708005,2024-07-08,-7.0,COMPRA DABITO OPEN DEPOSIT0607 OPEN DEPOSITO DE BEBID,Alimentação,
4563108796,20240513002,2024-05-13,-19.0,COMPRA DABITO OPEN DEPOSIT1205,Alimentação,
4563108796,20240520004,2024-05-20,-7.0,COMPRA DABITO OPEN DEPOSIT1805,Alimentação,
4563108796,20240923002,2024-09-23,-7.0,COMPRA DABITO OPEN DEPOSIT2109 OPEN DEPOSITO DE BEBID,Alimentação,
4563108796,20240424004,2024-04-24,-7.0,COMPRA DABITO OPEN DEPOSIT2404,Alimentação,
4563108796,20240930004,2024-09-30,-19.0,COMPRA DABITO OPEN DEPOSIT2809 OPEN DEPOSITO DE BEBID,Alimentação,
4563108796,20240701003,2024-07-01,-14.0,COMPRA DABITO OPEN DEPOSIT3006 OPEN DEPOSITO DE BEBID,Alimentação,
4563108796,20240715001,2024-07-15,-12.0,COMPRA DABITO PADARIA DOCE1307 PADARIA DOCE SONHO,Alimentação,
4563108796,20240514001,2024-05-14,-12.0,COMPRA DABITO PADARIA DOCE1405,Alimentação,
4563108796,20240722001,2024-07-22,-16.2,COMPRA DABITO PADARIA DOCE2107 PADARIA DOCE SONHO,Alimentação,
4563108796,20240314001,2024-03-14,-15.0,COMPRA DABITO PAG DEPOSIT 14 03,Alimentação,
4563108796,20240403001,2024-04-03,-23.0,COMPRA DABITO PAG ROSIANE 03 04,Geral,
4563108796,20240307001,2024-03-07,-23.0,COMPRA DABITO PAG ROSIANE 07 03,Geral,
4563108796,20240502001,2024-05-02,-23.0,COMPRA DABITO PAG Rosianel0205,Geral,
4563108796,20240415002,2024-04-15,-30.0,COMPRA DABITO PG  TON O M 14 04,Geral,
4563108796,20240408002,2024-04-08,-90.0,COMPRA DABITO PLANCTON MA 08 04,Geral,
3185062241,20240424003,2024-04-24,-168.02,COMPRA DABITO RAIA2693    2404,Farmácia,
4563108796,20240930002,2024-09-30,-38.5,COMPRA DABITO RAIA409     2809 RAIA409,Farmácia,
3185062241,20240319001,2024-03-19,-173.33,COMPRA DABITO SOLUCOE AUT 19 03,Carro,
4563108796,20240923003,2024-09-23,-28.0,COMPRA DABITO TROVAO AZUL 2109 TROVAO AZUL DISTRIBUID,Alimentação,
3185062241,20231218001,2023-12-18,-608.4,CREDIARIO AUTOM   19 60,Financiamento,
3185062241,20240117001,2024-01-17,-608.4,CREDIARIO AUTOM   20 60,Financiamento,
3185062241,20240219001,2024-02-19,-608.4,CREDIARIO AUTOM   21 60,Financiamento,
3185062241,20240318001,2024-03-18,-608.4,CREDIARIO AUTOM   22 60,Financiamento,
3185062241,20240417001,2024-04-17,-608.4,CREDIARIO AUTOM   23 60,Financiamento,
3185062241,20240517001,2024-05-17,-608.4,CREDIARIO AUTOM   24 60,Financiamento,
3185062241,20240617002,2024-06-17,-608.4,CREDIARIO AUTOM   25 60,Financiamento,
3185062241,20240717001,2024-07-17,-608.4,CREDIARIO AUTOM   26 60,Financiamento,
3185062241,20240819001,2024-08-19,-608.4,CREDIARIO AUTOM   27 60,Financiamento,
3185062241,20240917002,2024-09-17,-608.4,CREDIARIO AUTOM   28 60,Financiamento,
3185062241,20231212001,2023-12-12,-1453.0,CREDITO CONSIGNADO   15,Financiamento,
3185062241,20240111001,2024-01-11,-1453.0,CREDITO CONSIGNADO   16,Financiamento,
3185062241,20240215002,2024-02-15,-1453.0,CREDITO CONSIGNADO   17,Financiamento,
3185062241,20240312002,2024-03-12,-1453.0,CREDITO CONSIGNADO   18,Financiamento,
3185062241,20240411001,2024-04-11,-1453.0,CREDITO CONSIGNADO   19,Financiamento,
3185062241,20240513001,2024-05-13,-1453.0,CREDITO CONSIGNADO   20,Financiamento,
3185062241,20240611002,2024-06-11,-1453.0,CREDITO CONSIGNADO   21,Financiamento,
3185062241,20240711002,2024-07-11,-1453.0,CREDITO CONSIGNADO   22,Financiamento,
3185062241,20240813001,2024-08-13,-1453.0,CREDITO CONSIGNADO   23,Financiamento,
3185062241,20240911001,2024-09-11,-1453.0,CREDITO CONSIGNADO   24,Financiamento,
4563108796,20230403001,2023-04-03,-45.0,CXE     001693 SAQUE,Geral,
4563108796,20230302002,2023-03-02,-234.92,DA  AMPLA 000003984519,Ampla,
4563108796,20230901001,2023-09-01,-66.65,DA  AMPLA 000003984519,Ampla,
4563108796,20230102002,2023-01-02,-324.93,DA  AMPLA 000003984519,Ampla,
4563108796,20231101002,2023-11-01,-68.18,DA  AMPLA 000003984519,Ampla,
4563108796,20230801002,2023-08-01,-67.87,DA  AMPLA 000003984519,Ampla,
4563108796,20230801003,2023-08-01,-56.63,DA  AMPLA 000003984519,Ampla,
4563108796,20230403004,2023-04-03,-65.77,DA  AMPLA 000003984519,Ampla,
4563108796,20230601001,2023-06-01,-65.88,DA  AMPLA 000003984519,Ampla,
4563108796,20230601002,2023-06-01,-31.17,DA  AMPLA 000003984519,Ampla,
4563108796,20230202002,2023-02-02,-318.48,DA  AMPLA 000003984519,Ampla,
4563108796,20231201003,2023-12-01,-66.84,DA  AMPLA 000003984519,Ampla,
4563108796,20231201004,2023-12-01,-66.73,DA  AMPLA 000003984519,Ampla,
4563108796,20240201001,2024-02-01,-68.18,DA  AMPLA 000003984519,Ampla,
4563108796,20240201002,2024-02-01,-68.52,DA  AMPLA 000003984519,Ampla,
4563108796,20240301002,2024-03-01,-68.03,DA  AMPLA 000003984519,Ampla,
4563108796,20240401005,2024-04-01,-66.95,DA  AMPLA 000003984519,Ampla,
4563108796,20240502003,2024-05-02,-68.63,DA  AMPLA 000003984519,Ampla,
4563108796,20240603003,2024-06-03,-69.41,DA  AMPLA 000003984519,Ampla,
4563108796,20240701005,2024-07-01,-69.58,DA  AMPLA 000003984519,Ampla,
4563108796,20240801001,2024-08-01,-70.46,DA  AMPLA 000003984519,Ampla,
4563108796,20240902002,2024-09-02,-68.87,DA  AMPLA 000003984519,Ampla,
4563108796,20230126002,2023-01-26,-225.84,DA  OI   TV 000000346690,TV,
4563108796,20230227004,2023-02-27,-225.84,DA  OI   TV 000000346690,TV,
4563108796,20230317003,2023-03-17,-128.08,DA  VIVO RJ 11171624632,Telefone,
4563108796,20230918003,2023-09-18,-151.36,DA  VIVO RJ 11171624632,Telefone,
4563108796,20231018002,2023-10-18,-151.36,DA  VIVO RJ 11171624632,Telefone,
4563108796,20230117002,2023-01-17,-128.08,DA  VIVO RJ 11171624632,Telefone,
4563108796,20230717002,2023-07-17,-151.36,DA  VIVO RJ 11171624632,Telefone,
4563108796,20231117001,2023-11-17,-151.36,DA  VIVO RJ 11171624632,Telefone,
4563108796,20230817001,2023-08-17,-151.36,DA  VIVO RJ 11171624632,Telefone,
4563108796,20230418002,2023-04-18,-128.08,DA  VIVO RJ 11171624632,Telefone,
4563108796,20230517002,2023-05-17,-128.08,DA  VIVO RJ 11171624632,Telefone,
4563108796,20230619001,2023-06-19,-128.08,DA  VIVO RJ 11171624632,Telefone,
4563108796,20230217002,2023-02-17,-87.81,DA  VIVO RJ 11171624632,Telefone,
4563108796,20231218002,2023-12-18,-151.36,DA  VIVO RJ 11171624632,Telefone,
4563108796,20240117001,2024-01-17,-151.36,DA  VIVO RJ 11171624632,Telefone,
4563108796,20240221002,2024-02-21,-151.36,DA  VIVO RJ 11171624632,Telefone,
4563108796,20240318005,2024-03-18,-151.36,DA  VIVO RJ 11171624632,Telefone,
4563108796,20240417001,2024-04-17,-151.36,DA  VIVO RJ 11171624632,Telefone,
4563108796,20240517002,2024-05-17,-151.36,DA  VIVO RJ 11171624632,Telefone,
4563108796,20240618007,2024-06-18,-151.36,DA  VIVO RJ 11171624632,Telefone,
4563108796,20240717002,2024-07-17,-151.36,DA  VIVO RJ 11171624632,Telefone,
4563108796,20240819003,2024-08-19,-161.36,DA  VIVO RJ 11171624632,Telefone,
4563108796,20240918004,2024-09-18,-161.36,DA  VIVO RJ 11171624632,Telefone,
4563108796,20230301002,2023-03-01,-39.9,DEB AUTOR NETFLIX COM,TV,
4563108796,20230329002,2023-03-29,-39.9,DEB AUTOR NETFLIX COM,TV,
4563108796,20230929002,2023-09-29,-39.9,DEB AUTOR NETFLIX COM,TV,
4563108796,20231030003,2023-10-30,-39.9,DEB AUTOR NETFLIX COM,TV,
4563108796,20230130002,2023-01-30,-39.9,DEB AUTOR NETFLIX COM,TV,
4563108796,20230731003,2023-07-31,-39.9,DEB AUTOR NETFLIX COM,TV,
4563108796,20231129001,2023-11-29,-39.9,DEB AUTOR NETFLIX COM,TV,
4563108796,20230829002,2023-08-29,-39.9,DEB AUTOR NETFLIX COM,TV,
4563108796,20230502003,2023-05-02,-39.9,DEB AUTOR NETFLIX COM,TV,
4563108796,20230529003,2023-05-29,-39.9,DEB AUTOR NETFLIX COM,TV,
4563108796,20230629001,2023-06-29,-39.9,DEB AUTOR NETFLIX COM,TV,
4563108796,20240102003,2024-01-02,-39.9,DEB AUTOR NETFLIX COM,TV,
4563108796,20240129002,2024-01-29,-39.9,DEB AUTOR NETFLIX COM,TV,
4563108796,20240229002,2024-02-29,-39.9,DEB AUTOR NETFLIX COM,TV,
4563108796,20240401004,2024-04-01,-39.9,DEB AUTOR NETFLIX COM,TV,
4563108796,20240429002,2024-04-29,-39.9,DEB AUTOR NETFLIX COM,TV,
4563108796,20240529003,2024-05-29,-39.9,DEB AUTOR NETFLIX COM,TV,
4563108796,20240701004,2024-07-01,-39.9,DEB AUTOR NETFLIX COM,TV,
4563108796,20240729002,2024-07-29,-44.9,DEB AUTOR NETFLIX COM,TV,
4563108796,20240829002,2024-08-29,-44.9,DEB AUTOR NETFLIX COM,TV,
4563108796,20240930006,2024-09-30,-44.9,DEB AUTOR NETFLIX COM,TV,
4563108796,20230424001,2023-04-24,-678.01,INT  PAG TIT BANCO 237,Geral,
4563108796,20230424002,2023-04-24,-183.24,INT  PAG TIT BANCO 237,Geral,
4563108796,20230424003,2023-04-24,-677.0,INT  PAG TIT BANCO 237,Geral,
4563108796,20230724001,2023-07-24,-513.23,INT PAG TIT 109000587260,Geral,
4563108796,20230524002,2023-05-24,-42.9,INT PM CABO FR 9999000,Impostos,
4563108796,20230524003,2023-05-24,-44.85,INT PM CABO FR 9999000,Impostos,
4563108796,20230524004,2023-05-24,-46.8,INT PM CABO FR 9999000,Impostos,
4563108796,20230524005,2023-05-24,-40.95,INT PM CABO FR 9999000,Impostos,
4563108796,20230302001,2023-03-02,-1.17,IOF,Impostos,
4563108796,20231003001,2023-10-03,-0.09,IOF,Impostos,
4563108796,20230103001,2023-01-03,-1.98,IOF,Impostos,
4563108796,20230802001,2023-08-02,-0.32,IOF,Impostos,
4563108796,20230404001,2023-04-04,-0.63,IOF,Impostos,
4563108796,20230503001,2023-05-03,-5.84,IOF,Impostos,
4563108796,20230202001,2023-02-02,-2.36,IOF,Impostos,
4563108796,20240202001,2024-02-02,-0.22,IOF,Impostos,
4563108796,20240503002,2024-05-03,-0.05,IOF,Impostos,
4563108796,20240604002,2024-06-04,-2.14,IOF,Impostos,
4563108796,20240903003,2024-09-03,-0.66,IOF,Impostos,
4563108796,20230911002,2023-09-11,-1203.48,ITAU MC       5502 4257,Cartão,
4563108796,20231009006,2023-10-09,-1069.47,ITAU MC       5502 4257,Cartão,
4563108796,20230710002,2023-07-10,-1422.55,ITAU MC       5502 4257,Cartão,
4563108796,20231109003,2023-11-09,-1537.25,ITAU MC       5502 4257,Cartão,
4563108796,20230809001,2023-08-09,-809.74,ITAU MC       5502 4257,Cartão,
4563108796,20230609001,2023-06-09,-1692.24,ITAU MC       5502 4257,Cartão,
4563108796,20231211004,2023-12-11,-1761.33,ITAU MC       5502 4257,Cartão,
4563108796,20240109001,2024-01-09,-1662.58,ITAU MC       5502 4257,Cartão,
4563108796,20240209003,2024-02-09,-1449.25,ITAU MC       5502 4257,Cartão,
4563108796,20240311004,2024-03-11,-1419.25,ITAU MC       5502 4257,Cartão,
4563108796,20240409002,2024-04-09,-1469.75,ITAU MC       5502 4257,Cartão,
4563108796,20240509001,2024-05-09,-1563.91,ITAU MC       5502 4257,Cartão,
4563108796,20240610003,2024-06-10,-1539.24,ITAU MC       5502 4257,Cartão,
4563108796,20240709001,2024-07-09,-1560.79,ITAU MC       5502 4257,Cartão,
4563108796,20240809002,2024-08-09,-1832.06,ITAU MC       5502 4257,Cartão,
4563108796,20240909006,2024-09-09,-3806.37,ITAU MC       5502 4257,Cartão,
4563108796,20230309001,2023-03-09,-1481.02,ITAU MC       5502 9143,Cartão,
4563108796,20230109003,2023-01-09,-1404.1,ITAU MC       5502 9143,Cartão,
4563108796,20230410004,2023-04-10,-1248.81,ITAU MC       5502 9143,Cartão,
4563108796,20230509001,2023-05-09,-742.6,ITAU MC       5502 9143,Cartão,
4563108796,20230209002,2023-02-09,-1551.64,ITAU MC       5502 9143,Cartão,
3185062241,20240115001,2024-01-15,-602.23,ITAU VISA     5000 8299,Cartão,
3185062241,20240215001,2024-02-15,-1419.21,ITAU VISA     5000 8299,Cartão,
3185062241,20240315001,2024-03-15,-770.38,ITAU VISA     5000 8299,Cartão,
3185062241,20240415001,2024-04-15,-204.95,ITAU VISA     5000 8299,Cartão,
3185062241,20240515004,2024-05-15,-1118.97,ITAU VISA     5000 8299,Cartão,
3185062241,20240617001,2024-06-17,-1133.14,ITAU VISA     5000 8299,Cartão,
3185062241,20240715002,2024-07-15,-648.06,ITAU VISA     5000 8299,Cartão,
3185062241,20240815001,2024-08-15,-772.98,ITAU VISA     5000 8299,Cartão,
3185062241,20240916001,2024-09-16,-585.05,ITAU VISA     5000 8299,Cartão,
3185062241,20231215001,2023-12-15,-1572.89,ITAU VISA     5000 8299,Cartão,
3185062241,20240705003,2024-07-05,-500.0,MOBILE PAG TIT 089998341000,Geral,
3185062241,20240510001,2024-05-10,-816.96,MOBILE PAG TIT BANCO 104,Geral,
3185062241,20240214001,2024-02-14,-1443.36,MOBILE PAG TIT BANCO 136,Geral,
3185062241,20240124001,2024-01-24,-1810.64,MOBILE PAG TIT BANCO 237,Geral,
3185062241,20231222001,2023-12-22,-512.89,MOBILEPAG TIT 0799983410,Geral,
4563108796,20231222001,2023-12-22,-200.0,MOBILEPAG TIT 0899983410,Geral,
4563108796,20230908001,2023-09-08,-183.24,MOBILEPAG TIT BANCO 237,Geral,
3185062241,20240305002,2024-03-05,-835.12,MOBILEPAG TIT BANCO 237,Geral,
3185062241,20240104002,2024-01-04,1903.96,PGTO INSS 01928014086,Receita,
3185062241,20240205001,2024-02-05,1974.59,PGTO INSS 01928014086,Receita,
3185062241,20240305003,2024-03-05,1974.59,PGTO INSS 01928014086,Receita,
3185062241,20240403001,2024-04-03,1974.59,PGTO INSS 01928014086,Receita,
3185062241,20240506003,2024-05-06,2961.88,PGTO INSS 01928014086,Receita,
3185062241,20240605002,2024-06-05,2961.89,PGTO INSS 01928014086,Receita,
3185062241,20240703001,2024-07-03,1974.59,PGTO INSS 01928014086,Receita,
3185062241,20240805003,2024-08-05,1974.59,PGTO INSS 01928014086,Receita,
3185062241,20240904001,2024-09-04,1974.59,PGTO INSS 01928014086,Receita,
3185062241,20231205001,2023-12-05,1903.96,PGTO INSS 01928014086,Receita,
4563108796,20240903002,2024-09-03,-30.0,PIX QRS 51 255 224 03 09,Geral,
4563108796,20231121008,2023-11-21,-280.0,PIX QRS ELAINE DA S20 11,Geral,
4563108796,20240216001,2024-02-16,-95.0,PIX QRS EXTRAGAS DE16 02,Gás,
4563108796,20231009004,2023-10-09,-65.7,PIX QRS J  C  MACHA09 10,Geral,
4563108796,20231009005,2023-10-09,-10.0,PIX QRS J  C  MACHA09 10,Geral,
4563108796,20240904003,2024-09-04,-61.6,PIX QRS Mc Donalds 04 09,Alimentação,
4563108796,20240918002,2024-09-18,-61.6,PIX QRS Mc Donalds 18 09,Alimentação,
4563108796,20240104002,2024-01-04,-40.0,PIX QRS NIC BR04 01,Alimentação,
4563108796,20240104003,2024-01-04,-40.0,PIX QRS NIC BR04 01,Alimentação,
4563108796,20240717001,2024-07-17,-40.0,PIX QRS NIC BR17 07,Alimentação,
3185062241,20240527001,2024-05-27,-35.0,PIX QRS Paulo Junio25 05,Geral,
4563108796,20240506004,2024-05-06,-45.77,PIX QRS PIX Marketp06 05,Geral,
4563108796,20231103001,2023-11-03,-10.0,PIX QRS Rosiane Lei03 11,Geral,
3185062241,20231226001,2023-12-26,-123.41,PIX QRS WEB BAZAR L26 12,Geral,
4563108796,20230904003,2023-09-04,-180.0,PIX TRANSF  AL DE O04 09,Obra,
4563108796,20231025002,2023-10-25,-50.0,PIX TRANSF  AL DE O25 10,Obra,
4563108796,20231005001,2023-10-05,-334.8,PIX TRANSF  ANDAIME05 10,Obra,
4563108796,20230814002,2023-08-14,-167.4,PIX TRANSF  ANDAIME14 08,Obra,
4563108796,20231122002,2023-11-22,-167.4,PIX TRANSF  ANDAIME22 11,Obra,
4563108796,20231222003,2023-12-22,-162.0,PIX TRANSF  ANDAIME22 12,Obra,o
4563108796,20240327001,2024-03-27,-156.0,PIX TRANSF  ANDAIME27 03,Obra,
4563108796,20240325002,2024-03-25,-228.0,PIX TRANSF  ARCA DE25 03,Obra,
4563108796,20230915001,2023-09-15,-95.0,PIX TRANSF  CLINTRA15 09,Geral,
4563108796,20230908002,2023-09-08,-300.0,PIX TRANSF  EDUARDO07 09,Advogado,
4563108796,20230814003,2023-08-14,-500.0,PIX TRANSF  EDUARDO14 08,Advogado,
4563108796,20231024001,2023-10-24,-30.0,PIX TRANSF  ELIZANE24 10,Transferências,
3185062241,20231204001,2023-12-04,-3000.0,PIX TRANSF  GUILHER04 12,Transferências,
3185062241,20240305001,2024-03-05,-2000.0,PIX TRANSF  GUILHER05 03,Transferências,
3185062241,20240405001,2024-04-05,-2000.0,PIX TRANSF  GUILHER05 04,Transferências,
3185062241,20240404001,2024-04-04,-796.5,PIX TRANSF  LUZIETE04 04,Transferências,
3185062241,20231204002,2023-12-04,-1585.0,PIX TRANSF  LUZIETE04 12,Transferências,
3185062241,20231214001,2023-12-14,-1585.0,PIX TRANSF  LUZIETE14 12,Transferências,
4563108796,20240318004,2024-03-18,-28.0,PIX TRANSF  MARCO A18 03,Transferências,
4563108796,20230904004,2023-09-04,2000.0,PIX TRANSF  NEYDE L03 09,Transferências,
4563108796,20231204002,2023-12-04,3000.0,PIX TRANSF  NEYDE L04 12,Transferências,
4563108796,20240305002,2024-03-05,2000.0,PIX TRANSF  NEYDE L05 03,Transferências,
4563108796,20240405002,2024-04-05,2000.0,PIX TRANSF  NEYDE L05 04,Transferências,
4563108796,20231005002,2023-10-05,2000.0,PIX TRANSF  NEYDE L05 10,Transferências,
4563108796,20230307002,2023-03-07,2000.0,PIX TRANSF  NEYDE L07 03,Transferências,
4563108796,20230908003,2023-09-08,500.0,PIX TRANSF  NEYDE L07 09,Transferências,
4563108796,20230508004,2023-05-08,2000.0,PIX TRANSF  NEYDE L08 05,Transferências,
4563108796,20230710003,2023-07-10,3000.0,PIX TRANSF  NEYDE L09 07,Transferências,
4563108796,20231109004,2023-11-09,2200.0,PIX TRANSF  NEYDE L09 11,Transferências,
4563108796,20230919002,2023-09-19,1000.0,PIX TRANSF  NEYDE L19 09,Transferências,
4563108796,20231121009,2023-11-21,1000.0,PIX TRANSF  NEYDE L20 11,Transferências,
3185062241,20240614001,2024-06-14,-1910.0,PIX TRANSF  RILDO B14 06,Transferências,
4563108796,20240606002,2024-06-06,-162.0,PIX TRANSF ANDAIME06 06,Transferências,
4563108796,20240209002,2024-02-09,-334.8,PIX TRANSF ANDAIME09 02,Transferências,
4563108796,20240510002,2024-05-10,-167.4,PIX TRANSF ANDAIME10 05,Transferências,
4563108796,20240716002,2024-07-16,-329.4,PIX TRANSF ANDAIME16 07,Transferências,
4563108796,20240916003,2024-09-16,-334.8,PIX TRANSF ANDAIME16 09,Transferências,
4563108796,20240716001,2024-07-16,-1041.0,PIX TRANSF EDUARDO16 07,Transferências,
4563108796,20240925001,2024-09-25,-1050.0,PIX TRANSF EDUARDO25 09,Transferências,
3185062241,20240104001,2024-01-04,-3000.0,PIX TRANSF GUILHER04 01,Transferências,
3185062241,20240805001,2024-08-05,-2500.0,PIX TRANSF GUILHER04 08,Transferências,
3185062241,20240605001,2024-06-05,-2500.0,PIX TRANSF GUILHER05 06,Transferências,
3185062241,20240705001,2024-07-05,-2500.0,PIX TRANSF GUILHER05 07,Transferências,
3185062241,20240506001,2024-05-06,-2500.0,PIX TRANSF GUILHER06 05,Transferências,
3185062241,20240209001,2024-02-09,-3000.0,PIX TRANSF GUILHER09 02,Transferências,
3185062241,20240909001,2024-09-09,-1000.0,PIX TRANSF GUILHER09 09,Transferências,
3185062241,20240715001,2024-07-15,-1200.0,PIX TRANSF GUILHER15 07,Transferências,
3185062241,20240520001,2024-05-20,-1000.0,PIX TRANSF GUILHER18 05,Transferências,
3185062241,20240926001,2024-09-26,-2000.0,PIX TRANSF GUILHER26 09,Transferências,
3185062241,20240830001,2024-08-30,-4000.0,PIX TRANSF GUILHER30 08,Transferências,
3185062241,20240805002,2024-08-05,-557.5,PIX TRANSF LUZIETE04 08,Transferências,
3185062241,20240705002,2024-07-05,-650.5,PIX TRANSF LUZIETE05 07,Transferências,
3185062241,20240506002,2024-05-06,-680.5,PIX TRANSF LUZIETE06 05,Transferências,
3185062241,20240515003,2024-05-15,-40.0,PIX TRANSF LUZIETE15 05,Transferências,
4563108796,20240104001,2024-01-04,3000.0,PIX TRANSF NEYDE L04 01,Transferências,
4563108796,20240805004,2024-08-05,2500.0,PIX TRANSF NEYDE L04 08,Transferências,
4563108796,20240605001,2024-06-05,2500.0,PIX TRANSF NEYDE L05 06,Transferências,
4563108796,20240705003,2024-07-05,2500.0,PIX TRANSF NEYDE L05 07,Transferências,
4563108796,20240506003,2024-05-06,2500.0,PIX TRANSF NEYDE L06 05,Transferências,
4563108796,20240209001,2024-02-09,3000.0,PIX TRANSF NEYDE L09 02,Transferências,
4563108796,20240909005,2024-09-09,1000.0,PIX TRANSF NEYDE L09 09,Transferências,
4563108796,20240715002,2024-07-15,1200.0,PIX TRANSF NEYDE L15 07,Transferências,
4563108796,20240520003,2024-05-20,1000.0,PIX TRANSF NEYDE L18 05,Transferências,
4563108796,20240926002,2024-09-26,2000.0,PIX TRANSF NEYDE L26 09,Transferências,
4563108796,20240830001,2024-08-30,4000.0,PIX TRANSF NEYDE L30 08,Transferências,
3185062241,20240708001,2024-07-08,-824.11,RSCCS ASSAI ATACAD0807 ASSAI ATACADISTA,Mercado,
4563108796,20240104004,2024-01-04,-338.5,RSCCS AXE DOS ORIX0401,Geral,
4563108796,20231019001,2023-10-19,-272.0,RSCCS Poliana Men 19 10,Geral,
4563108796,20240524002,2024-05-24,-35.89,RSCSS ACOUGUE CASA2405 ACOUGUE CASAL,Mercado,
4563108796,20230508001,2023-05-08,-65.35,RSCSS ACQ GUI BAN 07 05,Mercado,
4563108796,20240529001,2024-05-29,-37.76,RSCSS ACQIO BANCA 2905 ACQIO BANCA EXOTICA,Mercado,
4563108796,20231113001,2023-11-13,-38.0,RSCSS AL OLIVEIRA 11 11,Obra,
4563108796,20240115001,2024-01-15,-46.0,RSCSS AL OLIVEIRA 13 01,Obra,
4563108796,20231114001,2023-11-14,-9.0,RSCSS AL OLIVEIRA 14 11,Obra,
4563108796,20231215001,2023-12-15,-30.0,RSCSS AL OLIVEIRA 15 12,Obra,
4563108796,20240828001,2024-08-28,-12.0,RSCSS AL OLIVEIRA 2808 AL OLIVEIRA B OBRAS,Obra,
4563108796,20231229001,2023-12-29,-20.0,RSCSS AL OLIVEIRA 29 12,Obra,
4563108796,20231106001,2023-11-06,-7.5,RSCSS ALERE COMER 05 11,Obra,
4563108796,20231106002,2023-11-06,-46.75,RSCSS ALERE COMER 05 11,Obra,
4563108796,20240110005,2024-01-10,-47.0,RSCSS ALERE COMER 10 01,Obra,
4563108796,20231213002,2023-12-13,-37.5,RSCSS ALERE COMER 13 12,Obra,
4563108796,20240618004,2024-06-18,-29.5,RSCSS ALERE COMERC1806 ALERE COMERCIO DE ALIM,Alimentação,
4563108796,20231026001,2023-10-26,-32.69,RSCSS ALEX MAT CO 26 10,Obra,
4563108796,20240110003,2024-01-10,-65.0,RSCSS APIARIO MAR 10 01,Alimentação,
3185062241,20240711001,2024-07-11,-199.9,RSCSS ARCA DE NOE 1107 ARCA DE NOE,Pet,
4563108796,20240215002,2024-02-15,-33.25,RSCSS ARCA DE NOE 1502,Pet,
4563108796,20240909003,2024-09-09,-24.51,RSCSS ARMAZEM DO B0909 ARMAZEM DO BEM,Alimentação,
4563108796,20240524004,2024-05-24,-144.56,RSCSS AUTO POSTO C2405 AUTO POSTO CABO FRIO,Carro,
4563108796,20230314001,2023-03-14,-100.0,RSCSS AXE DOS ORI 14 03,Geral,
4563108796,20230403002,2023-04-03,-7.0,RSCSS BAR E MERCE 02 04,Alimentação,
4563108796,20230303001,2023-03-03,-7.0,RSCSS BAR E MERCE 03 03,Alimentação,
4563108796,20230306001,2023-03-06,-7.0,RSCSS BAR E MERCE 06 03,Alimentação,
4563108796,20231106003,2023-11-06,-16.0,RSCSS BAR E MERCE 06 11,Alimentação,
4563108796,20230308001,2023-03-08,-7.0,RSCSS BAR E MERCE 08 03,Alimentação,
4563108796,20230410001,2023-04-10,-7.0,RSCSS BAR E MERCE 08 04,Alimentação,
4563108796,20231109001,2023-11-09,-14.0,RSCSS BAR E MERCE 09 11,Alimentação,
4563108796,20230310001,2023-03-10,-7.0,RSCSS BAR E MERCE 10 03,Alimentação,
4563108796,20230510001,2023-05-10,-31.5,RSCSS BAR E MERCE 10 05,Alimentação,
4563108796,20231113002,2023-11-13,-8.0,RSCSS BAR E MERCE 11 11,Alimentação,
4563108796,20230314002,2023-03-14,-7.0,RSCSS BAR E MERCE 14 03,Alimentação,
4563108796,20230317001,2023-03-17,-7.0,RSCSS BAR E MERCE 17 03,Alimentação,
4563108796,20230818001,2023-08-18,-8.0,RSCSS BAR E MERCE 18 08,Alimentação,
4563108796,20230228001,2023-02-28,-7.0,RSCSS BAR E MERCE 28 02,Alimentação,
4563108796,20231030001,2023-10-30,-16.0,RSCSS BAR E MERCE 30 10,Alimentação,
4563108796,20230810001,2023-08-10,-75.5,RSCSS BIG STAR CO 10 08,Alimentação,
4563108796,20230912001,2023-09-12,-102.5,RSCSS BIG STAR CO 12 09,Alimentação,
4563108796,20230816001,2023-08-16,-135.0,RSCSS BIG STAR CO 16 08,Alimentação,
4563108796,20240208004,2024-02-08,-39.9,RSCSS CABO FRIO DR0802,Alimentação,
4563108796,20231213003,2023-12-13,-12.0,RSCSS CAFE E BAR  13 12,Alimentação,
4563108796,20240705001,2024-07-05,-50.37,RSCSS CAPPTA  ACOU0507 CAPPTA  ACOUGUE CASAL,Alimentação,
4563108796,20240715003,2024-07-15,-66.4,RSCSS CAPPTA  ACOU1507 CAPPTA  ACOUGUE CASAL,Alimentação,
4563108796,20240619001,2024-06-19,-6.92,RSCSS CAPPTA  ACOU1906 CAPPTA  ACOUGUE CASAL,Alimentação,
4563108796,20240626001,2024-06-26,-46.92,RSCSS CAPPTA  ACOU2606 CAPPTA  ACOUGUE CASAL,Alimentação,
4563108796,20240614001,2024-06-14,-12.0,RSCSS CAPPTA  PAD 14 06,Alimentação,
4563108796,20240617001,2024-06-17,-12.0,RSCSS CAPPTA  PAD 16 06,Alimentação,
4563108796,20240625001,2024-06-25,-12.0,RSCSS CAPPTA  PAD 25 06,Alimentação,
4563108796,20240603001,2024-06-03,-12.0,RSCSS CAPPTA  PADA0306 CAPPTA  PADARIA E CONF,Alimentação,
4563108796,20240703001,2024-07-03,-12.0,RSCSS CAPPTA  PADA0307 CAPPTA  PADARIA E CONF,Alimentação,
4563108796,20240604001,2024-06-04,-12.0,RSCSS CAPPTA  PADA0406 CAPPTA  PADARIA E CONF,Alimentação,
4563108796,20240705002,2024-07-05,-32.99,RSCSS CAPPTA  PADA0507 CAPPTA  PADARIA E CONF,Alimentação,
4563108796,20240607001,2024-06-07,-12.0,RSCSS CAPPTA  PADA0706 CAPPTA  PADARIA E CONF,Alimentação,
4563108796,20240708001,2024-07-08,-12.0,RSCSS CAPPTA  PADA0807 CAPPTA  PADARIA E CONF,Alimentação,
4563108796,20240611001,2024-06-11,-12.0,RSCSS CAPPTA  PADA1106 CAPPTA  PADARIA E CONF,Alimentação,
4563108796,20240612001,2024-06-12,-12.0,RSCSS CAPPTA  PADA1206 CAPPTA  PADARIA E CONF,Alimentação,
4563108796,20240715004,2024-07-15,-17.6,RSCSS CAPPTA  PADA1507 CAPPTA  PADARIA E CONF,Alimentação,
4563108796,20240619002,2024-06-19,-16.99,RSCSS CAPPTA  PADA1906 CAPPTA  PADARIA E CONF,Alimentação,
4563108796,20240624002,2024-06-24,-12.0,RSCSS CAPPTA  PADA2406 CAPPTA  PADARIA E CONF,Alimentação,
4563108796,20240626002,2024-06-26,-14.8,RSCSS CAPPTA  PADA2606 CAPPTA  PADARIA E CONF,Alimentação,
4563108796,20231121003,2023-11-21,-75.99,RSCSS CASAL JACAR 20 11,Geral,
4563108796,20230807001,2023-08-07,-17.0,RSCSS CM CA TEXTE 07 08,Geral,
4563108796,20240110002,2024-01-10,-17.2,RSCSS CONCESSIONA 10 01,Carro,
4563108796,20240110004,2024-01-10,-17.2,RSCSS CONCESSIONA 10 01,Carro,
4563108796,20231213004,2023-12-13,-17.2,RSCSS CONCESSIONA 13 12,Carro,
4563108796,20231213005,2023-12-13,-17.2,RSCSS CONCESSIONA 13 12,Carro,
4563108796,20240618001,2024-06-18,-17.2,RSCSS CONCESSIONAR1806 CONCESSIONARIA RODOVIA,Carro,
4563108796,20230919001,2023-09-19,-23.09,RSCSS DAFEL       19 09,Obra,
3185062241,20240917001,2024-09-17,-15.0,RSCSS DEPOSITO BOR1709 DEPOSITO BORA LA 1,Alimentação,
4563108796,20240301001,2024-03-01,-12.0,RSCSS DOCE SONHO  01 03,Alimentação,
4563108796,20241001001,2024-10-01,-12.0,RSCSS DOCE SONHO  0110 DOCE SONHO,Alimentação,
4563108796,20240202003,2024-02-02,-12.0,RSCSS DOCE SONHO  02 02,Alimentação,
4563108796,20231204001,2023-12-04,-12.0,RSCSS DOCE SONHO  02 12,Alimentação,
4563108796,20240802001,2024-08-02,-16.2,RSCSS DOCE SONHO  0208 DOCE SONHO,Alimentação,
4563108796,20240103002,2024-01-03,-12.0,RSCSS DOCE SONHO  03 01,Alimentação,
4563108796,20240304001,2024-03-04,-12.0,RSCSS DOCE SONHO  03 03,Alimentação,
4563108796,20240205001,2024-02-05,-12.0,RSCSS DOCE SONHO  0302,Alimentação,
4563108796,20240903001,2024-09-03,-12.0,RSCSS DOCE SONHO  0309 DOCE SONHO,Alimentação,
4563108796,20240105001,2024-01-05,-12.0,RSCSS DOCE SONHO  05 01,Alimentação,
4563108796,20240305001,2024-03-05,-12.0,RSCSS DOCE SONHO  05 03,Alimentação,
4563108796,20231205001,2023-12-05,-12.0,RSCSS DOCE SONHO  05 12,Alimentação,
4563108796,20240205002,2024-02-05,-22.99,RSCSS DOCE SONHO  0502,Alimentação,
4563108796,20240806001,2024-08-06,-12.0,RSCSS DOCE SONHO  0608 DOCE SONHO,Alimentação,
4563108796,20240108002,2024-01-08,-12.0,RSCSS DOCE SONHO  07 01,Alimentação,
4563108796,20231207001,2023-12-07,-12.0,RSCSS DOCE SONHO  07 12,Alimentação,
4563108796,20240807001,2024-08-07,-12.0,RSCSS DOCE SONHO  0708 DOCE SONHO,Alimentação,
4563108796,20231208001,2023-12-08,-12.0,RSCSS DOCE SONHO  08 12,Alimentação,
4563108796,20240208001,2024-02-08,-12.0,RSCSS DOCE SONHO  0802,Alimentação,
4563108796,20240109002,2024-01-09,-12.0,RSCSS DOCE SONHO  09 01,Alimentação,
4563108796,20240809001,2024-08-09,-12.0,RSCSS DOCE SONHO  0908 DOCE SONHO,Alimentação,
4563108796,20240909004,2024-09-09,-12.0,RSCSS DOCE SONHO  0909 DOCE SONHO,Alimentação,
4563108796,20231211001,2023-12-11,-12.0,RSCSS DOCE SONHO  10 12,Alimentação,
4563108796,20240214002,2024-02-14,-12.0,RSCSS DOCE SONHO  1002,Alimentação,
4563108796,20231211002,2023-12-11,-12.0,RSCSS DOCE SONHO  11 12,Alimentação,
4563108796,20240112001,2024-01-12,-12.0,RSCSS DOCE SONHO  12 01,Alimentação,
4563108796,20240214001,2024-02-14,-12.0,RSCSS DOCE SONHO  1202,Alimentação,
4563108796,20240912001,2024-09-12,-16.2,RSCSS DOCE SONHO  1209 DOCE SONHO,Alimentação,
4563108796,20240214003,2024-02-14,-12.0,RSCSS DOCE SONHO  1302,Alimentação,
4563108796,20240115002,2024-01-15,-12.0,RSCSS DOCE SONHO  14 01,Alimentação,
4563108796,20231214001,2023-12-14,-12.0,RSCSS DOCE SONHO  14 12,Alimentação,
4563108796,20240814001,2024-08-14,-14.4,RSCSS DOCE SONHO  1408 DOCE SONHO,Alimentação,
4563108796,20240215001,2024-02-15,-12.0,RSCSS DOCE SONHO  1502,Alimentação,
4563108796,20240116002,2024-01-16,-12.0,RSCSS DOCE SONHO  16 01,Alimentação,
4563108796,20240816001,2024-08-16,-12.0,RSCSS DOCE SONHO  1608 DOCE SONHO,Alimentação,
4563108796,20240916001,2024-09-16,-12.0,RSCSS DOCE SONHO  1609 DOCE SONHO,Alimentação,
4563108796,20231218001,2023-12-18,-12.0,RSCSS DOCE SONHO  17 12,Alimentação,
4563108796,20240918001,2024-09-18,-12.0,RSCSS DOCE SONHO  1809 DOCE SONHO,Alimentação,
4563108796,20240119001,2024-01-19,-12.0,RSCSS DOCE SONHO  19 01,Alimentação,
4563108796,20240219002,2024-02-19,-12.0,RSCSS DOCE SONHO  1902,Alimentação,
4563108796,20240819002,2024-08-19,-17.98,RSCSS DOCE SONHO  1908 DOCE SONHO,Alimentação,
4563108796,20231121004,2023-11-21,-17.77,RSCSS DOCE SONHO  20 11,Alimentação,
4563108796,20231220001,2023-12-20,-12.0,RSCSS DOCE SONHO  20 12,Alimentação,
4563108796,20240520001,2024-05-20,-12.0,RSCSS DOCE SONHO  2005,Alimentação,
4563108796,20240221001,2024-02-21,-12.0,RSCSS DOCE SONHO  2102,Alimentação,
4563108796,20240821001,2024-08-21,-12.0,RSCSS DOCE SONHO  2108 DOCE SONHO,Alimentação,
4563108796,20240122001,2024-01-22,-12.0,RSCSS DOCE SONHO  22 01,Alimentação,
4563108796,20231122001,2023-11-22,-12.0,RSCSS DOCE SONHO  22 11,Alimentação,
4563108796,20231222002,2023-12-22,-14.14,RSCSS DOCE SONHO  22 12,Alimentação,
4563108796,20240522001,2024-05-22,-12.0,RSCSS DOCE SONHO  2205,Alimentação,
4563108796,20240223001,2024-02-23,-12.0,RSCSS DOCE SONHO  2302,Alimentação,
4563108796,20240823001,2024-08-23,-12.0,RSCSS DOCE SONHO  2308 DOCE SONHO,Alimentação,
4563108796,20231226002,2023-12-26,-12.0,RSCSS DOCE SONHO  24 12,Alimentação,
4563108796,20240524001,2024-05-24,-12.0,RSCSS DOCE SONHO  2405 DOCE SONHO,Alimentação,
4563108796,20240524003,2024-05-24,-10.29,RSCSS DOCE SONHO  2405 DOCE SONHO,Alimentação,
4563108796,20240226001,2024-02-26,-12.0,RSCSS DOCE SONHO  2502,Alimentação,
4563108796,20240725001,2024-07-25,-12.0,RSCSS DOCE SONHO  2507 DOCE SONHO,Alimentação,
4563108796,20231226003,2023-12-26,-12.0,RSCSS DOCE SONHO  26 12,Alimentação,
4563108796,20240926001,2024-09-26,-12.0,RSCSS DOCE SONHO  2609 DOCE SONHO,Alimentação,
4563108796,20240129001,2024-01-29,-12.0,RSCSS DOCE SONHO  2701,Alimentação,
4563108796,20240527001,2024-05-27,-12.0,RSCSS DOCE SONHO  2705 DOCE SONHO,Alimentação,
4563108796,20231128001,2023-11-28,-6.0,RSCSS DOCE SONHO  28 11,Alimentação,
4563108796,20231228001,2023-12-28,-12.0,RSCSS DOCE SONHO  28 12,Alimentação,
4563108796,20240228001,2024-02-28,-12.0,RSCSS DOCE SONHO  2802,Alimentação,
4563108796,20240528001,2024-05-28,-12.0,RSCSS DOCE SONHO  2805 DOCE SONHO,Alimentação,
4563108796,20240129003,2024-01-29,-12.0,RSCSS DOCE SONHO  29 01,Alimentação,
4563108796,20240829001,2024-08-29,-12.0,RSCSS DOCE SONHO  2908 DOCE SONHO,Alimentação,
4563108796,20231130001,2023-11-30,-12.0,RSCSS DOCE SONHO  30 11,Alimentação,
4563108796,20240730001,2024-07-30,-16.2,RSCSS DOCE SONHO  3007 DOCE SONHO,Alimentação,
4563108796,20240131001,2024-01-31,-17.98,RSCSS DOCE SONHO  31 01,Alimentação,
4563108796,20240102002,2024-01-02,-12.0,RSCSS DOCE SONHO  31 12,Alimentação,
4563108796,20240531001,2024-05-31,-12.0,RSCSS DOCE SONHO  3105 DOCE SONHO,Alimentação,
4563108796,20231026002,2023-10-26,-39.06,RSCSS DROGARIA MA 26 10,Farmácia,
3185062241,20240604001,2024-06-04,-124.24,RSCSS DROGARIA MAR0406 DROGARIA MARIOSA DIAS,Farmácia,
4563108796,20231213006,2023-12-13,-6.2,RSCSS ECOPONTE    13 12,Carro,
4563108796,20240110006,2024-01-10,-6.2,RSCSS ECOPONTE  F 10 01,Carro,
4563108796,20240618003,2024-06-18,-6.2,RSCSS ECOPONTE  FP1806 ECOPONTE  FPAY,Carro,
4563108796,20230802002,2023-08-02,-65.04,RSCSS ENGELUZ     02 08,Luz,
4563108796,20230927001,2023-09-27,-24.48,RSCSS ENGELUZ     27 09,Luz,
4563108796,20230310002,2023-03-10,-10.0,RSCSS EXPRESSO DA 10 03,Obra,
4563108796,20230821001,2023-08-21,-17.0,RSCSS EXPRESSO DA 19 08,Obra,
4563108796,20230327001,2023-03-27,-36.0,RSCSS EXPRESSO DA 27 03,Obra,
4563108796,20240807002,2024-08-07,-19.72,RSCSS FabianoDaSil0708 FabianoDaSilva,Alimentação,
3185062241,20240611001,2024-06-11,-58.74,RSCSS GREEN FRUIT 1106 GREEN FRUIT,Mercado,
3185062241,20240913002,2024-09-13,-65.53,RSCSS GREEN FRUIT 1309 GREEN FRUIT,Mercado,
4563108796,20240208002,2024-02-08,-33.9,RSCSS HNA OBOTICAR0802,Farmácia,
4563108796,20231206001,2023-12-06,-63.0,RSCSS JMMARCIO    06 12,Geral,
4563108796,20240710002,2024-07-10,-81.89,RSCSS JMMARCIO    1007 JMMARCIO,Geral,
4563108796,20240904002,2024-09-04,-67.5,RSCSS JoaoMarcioRo0409 JoaoMarcioRosaDos,Geral,
4563108796,20240918003,2024-09-18,-66.5,RSCSS JoaoMarcioRo1809 JoaoMarcioRosaDos,Geral,
4563108796,20230803001,2023-08-03,-40.0,RSCSS JR MASTER F 03 08,Geral,
4563108796,20230623001,2023-06-23,-16.8,RSCSS JR MASTER F 23 06,Geral,
4563108796,20230913001,2023-09-13,-35.9,RSCSS LUMINARIAS  13 09,Obra,
4563108796,20240904001,2024-09-04,-36.8,RSCSS MANOEL PINTO0409 MANOEL PINTO DE ANDRAD,Geral,
4563108796,20240529002,2024-05-29,-50.8,RSCSS MANOEL PINTO2905 MANOEL PINTO DE ANDRAD,Geral,
4563108796,20230711001,2023-07-11,-8.0,RSCSS MERCADO E P 11 07,Mercado,
4563108796,20231009001,2023-10-09,-47.56,RSCSS MERCADO GUI 09 10,Mercado,
4563108796,20230515001,2023-05-15,-51.0,RSCSS MINI MARKET 15 05,Mercado,
4563108796,20230420001,2023-04-20,-34.0,RSCSS MINI MARKET 20 04,Mercado,
4563108796,20240111001,2024-01-11,-65.0,RSCSS MP  CARLACE 11 01,Mercado,
4563108796,20231026003,2023-10-26,-20.0,RSCSS MP  CARLACE 26 10,Mercado,
4563108796,20230203001,2023-02-03,-16.0,RSCSS MP  PADARIA 03 02,Alimentação,
4563108796,20240305003,2024-03-05,-10.0,RSCSS MP  REI     05 03,Alimentação,
4563108796,20240930005,2024-09-30,-13.5,RSCSS MP  REI     3009 MP  REI,Alimentação,
4563108796,20240610004,2024-06-10,-46.0,RSCSS O SUISSO CO 10 06,Alimentação,
4563108796,20230920001,2023-09-20,-6.5,RSCSS OFFICE CAFE 20 09,Alimentação,
4563108796,20240108001,2024-01-08,-21.0,RSCSS OPEN CONVEN 08 01,Alimentação,
4563108796,20231201001,2023-12-01,-14.0,RSCSS OPEN DEPOSI 01 12,Alimentação,
4563108796,20231207002,2023-12-07,-14.0,RSCSS OPEN DEPOSI 07 12,Alimentação,
4563108796,20231211003,2023-12-11,-7.0,RSCSS OPEN DEPOSI 11 12,Alimentação,
4563108796,20231213007,2023-12-13,-10.0,RSCSS OPEN DEPOSI 13 12,Alimentação,
4563108796,20231215002,2023-12-15,-14.0,RSCSS OPEN DEPOSI 15 12,Alimentação,
4563108796,20240116001,2024-01-16,-14.0,RSCSS OPEN DEPOSI 16 01,Alimentação,
4563108796,20230920002,2023-09-20,-7.0,RSCSS OPEN DEPOSI 20 09,Alimentação,
4563108796,20231121005,2023-11-21,-7.0,RSCSS OPEN DEPOSI 21 11,Alimentação,
4563108796,20240125001,2024-01-25,-7.0,RSCSS OPEN DEPOSI 25 01,Alimentação,
4563108796,20240625002,2024-06-25,-7.0,RSCSS OPEN DEPOSI 25 06,Alimentação,
4563108796,20240703002,2024-07-03,-7.0,RSCSS OPEN DEPOSIT0307 OPEN DEPOSITO DE BEBID,Alimentação,
4563108796,20240205003,2024-02-05,-21.0,RSCSS OPEN DEPOSIT0502,Alimentação,
4563108796,20240905001,2024-09-05,-7.5,RSCSS OPEN DEPOSIT0509 OPEN DEPOSITO DE BEBID,Alimentação,
4563108796,20240606001,2024-06-06,-14.0,RSCSS OPEN DEPOSIT0606 OPEN DEPOSITO DE BEBID,Alimentação,
4563108796,20240910001,2024-09-10,-15.0,RSCSS OPEN DEPOSIT1009 OPEN DEPOSITO DE BEBID,Alimentação,
4563108796,20240214004,2024-02-14,-14.0,RSCSS OPEN DEPOSIT1302,Alimentação,
4563108796,20240814002,2024-08-14,-14.0,RSCSS OPEN DEPOSIT1408 OPEN DEPOSITO DE BEBID,Alimentação,
4563108796,20240716004,2024-07-16,-8.0,RSCSS OPEN DEPOSIT1607 OPEN DEPOSITO DE BEBID,Alimentação,
4563108796,20240917001,2024-09-17,-7.5,RSCSS OPEN DEPOSIT1709 OPEN DEPOSITO DE BEBID,Alimentação,
4563108796,20240618006,2024-06-18,-7.0,RSCSS OPEN DEPOSIT1806 OPEN DEPOSITO DE BEBID,Alimentação,
4563108796,20240220002,2024-02-20,-7.0,RSCSS OPEN DEPOSIT2002,Alimentação,
4563108796,20240222001,2024-02-22,-14.0,RSCSS OPEN DEPOSIT2202,Alimentação,
4563108796,20240523001,2024-05-23,-14.0,RSCSS OPEN DEPOSIT2305,Alimentação,
4563108796,20240826002,2024-08-26,-12.0,RSCSS OPEN DEPOSIT2608 OPEN DEPOSITO DE BEBID,Alimentação,
4563108796,20240628001,2024-06-28,-7.0,RSCSS OPEN DEPOSIT2806 OPEN DEPOSITO DE BEBID,Alimentação,
4563108796,20240828002,2024-08-28,-7.0,RSCSS OPEN DEPOSIT2808 OPEN DEPOSITO DE BEBID,Alimentação,
4563108796,20240229001,2024-02-29,-21.0,RSCSS OPEN DEPOSIT2902,Alimentação,
4563108796,20240730002,2024-07-30,-15.0,RSCSS OPEN DEPOSIT3007 OPEN DEPOSITO DE BEBID,Alimentação,
4563108796,20240124002,2024-01-24,-12.0,RSCSS PADARIA DOC 24 01,Alimentação,
4563108796,20240710001,2024-07-10,-12.0,RSCSS PADARIA DOCE1007 PADARIA DOCE SONHO,Alimentação,
4563108796,20240712001,2024-07-12,-12.0,RSCSS PADARIA DOCE1207 PADARIA DOCE SONHO,Alimentação,
4563108796,20240718001,2024-07-18,-12.0,RSCSS PADARIA DOCE1807 PADARIA DOCE SONHO,Alimentação,
4563108796,20240719001,2024-07-19,-12.0,RSCSS PADARIA DOCE1907 PADARIA DOCE SONHO,Alimentação,
4563108796,20230713001,2023-07-13,-35.25,RSCSS PADARIA E C 13 07,Alimentação,
4563108796,20240305004,2024-03-05,-64.99,RSCSS PAG ACAIDOF 05 03,Alimentação,
4563108796,20240619003,2024-06-19,-6.0,RSCSS PAG Alexandr1906 PAG AlexandreDaSilva,Alimentação,
4563108796,20230921001,2023-09-21,-7.72,RSCSS PAG Armazem 21 09,Alimentação,
4563108796,20230927002,2023-09-27,-33.05,RSCSS PAG Armazem 27 09,Alimentação,
4563108796,20230313001,2023-03-13,-13.5,RSCSS PAG BRUNOSO 12 03,Geral,
4563108796,20231009002,2023-10-09,-12.6,RSCSS PAG ChicoPa 09 10,Geral,
4563108796,20230731001,2023-07-31,-56.64,RSCSS PAG ChicoPa 31 07,Geral,
4563108796,20230403003,2023-04-03,-10.0,RSCSS PAG Roselay 02 04,Geral,
4563108796,20230404002,2023-04-04,-10.0,RSCSS PAG Roselay 04 04,Geral,
4563108796,20230406001,2023-04-06,-10.0,RSCSS PAG Roselay 06 04,Geral,
4563108796,20231106004,2023-11-06,-10.0,RSCSS PAG Roselay 06 11,Geral,
4563108796,20231107001,2023-11-07,-10.0,RSCSS PAG Roselay 07 11,Geral,
4563108796,20231109002,2023-11-09,-10.0,RSCSS PAG Roselay 09 11,Geral,
4563108796,20231113003,2023-11-13,-10.0,RSCSS PAG Roselay 11 11,Geral,
4563108796,20231113004,2023-11-13,-10.0,RSCSS PAG Roselay 13 11,Geral,
4563108796,20230327002,2023-03-27,-10.0,RSCSS PAG Roselay 26 03,Geral,
4563108796,20230329001,2023-03-29,-10.0,RSCSS PAG Roselay 29 03,Geral,
4563108796,20230331001,2023-03-31,-10.0,RSCSS PAG Roselay 31 03,Geral,
4563108796,20230301001,2023-03-01,-10.0,RSCSS PAG Rosiane 01 03,Geral,
4563108796,20230502001,2023-05-02,-10.0,RSCSS PAG Rosiane 01 05,Geral,
4563108796,20230801001,2023-08-01,-10.0,RSCSS PAG Rosiane 01 08,Geral,
4563108796,20231101001,2023-11-01,-21.0,RSCSS PAG Rosiane 01 11,Geral,
4563108796,20230602001,2023-06-02,-10.0,RSCSS PAG Rosiane 02 06,Geral,
4563108796,20230703001,2023-07-03,-10.0,RSCSS PAG Rosiane 02 07,Geral,
4563108796,20230802003,2023-08-02,-19.0,RSCSS PAG Rosiane 02 08,Geral,
4563108796,20230904001,2023-09-04,-10.0,RSCSS PAG Rosiane 02 09,Geral,
4563108796,20231002001,2023-10-02,-10.0,RSCSS PAG Rosiane 02 10,Geral,
4563108796,20230303002,2023-03-03,-10.0,RSCSS PAG Rosiane 03 03,Geral,
4563108796,20230503002,2023-05-03,-10.0,RSCSS PAG Rosiane 03 05,Geral,
4563108796,20230605004,2023-06-05,-10.0,RSCSS PAG Rosiane 04 06,Geral,
4563108796,20230904002,2023-09-04,-10.0,RSCSS PAG Rosiane 04 09,Geral,
4563108796,20231004001,2023-10-04,-19.0,RSCSS PAG Rosiane 04 10,Geral,
4563108796,20230306002,2023-03-06,-10.0,RSCSS PAG Rosiane 05 03,Geral,
4563108796,20230807002,2023-08-07,-10.0,RSCSS PAG Rosiane 05 08,Geral,
4563108796,20230508002,2023-05-08,-10.0,RSCSS PAG Rosiane 06 05,Geral,
4563108796,20230606001,2023-06-06,-10.0,RSCSS PAG Rosiane 06 06,Geral,
4563108796,20230906001,2023-09-06,-10.0,RSCSS PAG Rosiane 06 09,Geral,
4563108796,20231006001,2023-10-06,-10.0,RSCSS PAG Rosiane 06 10,Geral,
4563108796,20230307001,2023-03-07,-10.0,RSCSS PAG Rosiane 07 03,Geral,
4563108796,20230607001,2023-06-07,-10.0,RSCSS PAG Rosiane 07 06,Geral,
4563108796,20230707001,2023-07-07,-10.0,RSCSS PAG Rosiane 07 07,Geral,
4563108796,20230807003,2023-08-07,-10.0,RSCSS PAG Rosiane 07 08,Geral,
4563108796,20230410002,2023-04-10,-10.0,RSCSS PAG Rosiane 08 04,Geral,
4563108796,20230508003,2023-05-08,-10.0,RSCSS PAG Rosiane 08 05,Geral,
4563108796,20231009003,2023-10-09,-10.0,RSCSS PAG Rosiane 08 10,Geral,
4563108796,20230410003,2023-04-10,-10.0,RSCSS PAG Rosiane 10 04,Geral,
4563108796,20230510002,2023-05-10,-10.0,RSCSS PAG Rosiane 10 05,Geral,
4563108796,20230710001,2023-07-10,-18.0,RSCSS PAG Rosiane 10 07,Geral,
4563108796,20231010001,2023-10-10,-10.0,RSCSS PAG Rosiane 10 10,Geral,
4563108796,20230313002,2023-03-13,-17.5,RSCSS PAG Rosiane 11 03,Geral,
4563108796,20230711002,2023-07-11,-10.0,RSCSS PAG Rosiane 11 07,Geral,
4563108796,20230811001,2023-08-11,-10.0,RSCSS PAG Rosiane 11 08,Geral,
4563108796,20230911001,2023-09-11,-19.0,RSCSS PAG Rosiane 11 09,Geral,
4563108796,20230412001,2023-04-12,-10.0,RSCSS PAG Rosiane 12 04,Geral,
4563108796,20230512001,2023-05-12,-10.0,RSCSS PAG Rosiane 12 05,Geral,
4563108796,20230612001,2023-06-12,-10.0,RSCSS PAG Rosiane 12 06,Geral,
4563108796,20231013001,2023-10-13,-10.0,RSCSS PAG Rosiane 12 10,Geral,
4563108796,20230313003,2023-03-13,-10.0,RSCSS PAG Rosiane 13 03,Geral,
4563108796,20230613001,2023-06-13,-10.0,RSCSS PAG Rosiane 13 06,Geral,
4563108796,20230913002,2023-09-13,-10.0,RSCSS PAG Rosiane 13 09,Geral,
4563108796,20230414001,2023-04-14,-10.0,RSCSS PAG Rosiane 14 04,Geral,
4563108796,20230515002,2023-05-15,-10.0,RSCSS PAG Rosiane 14 05,Geral,
4563108796,20230814001,2023-08-14,-19.0,RSCSS PAG Rosiane 14 08,Geral,
4563108796,20230914001,2023-09-14,-10.0,RSCSS PAG Rosiane 14 09,Geral,
4563108796,20231016001,2023-10-16,-10.0,RSCSS PAG Rosiane 14 10,Geral,
4563108796,20230315001,2023-03-15,-10.0,RSCSS PAG Rosiane 15 03,Geral,
4563108796,20230417002,2023-04-17,-10.0,RSCSS PAG Rosiane 15 04,Geral,
4563108796,20231116001,2023-11-16,-10.0,RSCSS PAG Rosiane 15 11,Geral,
4563108796,20230616001,2023-06-16,-10.0,RSCSS PAG Rosiane 16 06,Geral,
4563108796,20230717001,2023-07-17,-10.0,RSCSS PAG Rosiane 16 07,Geral,
4563108796,20230816002,2023-08-16,-10.0,RSCSS PAG Rosiane 16 08,Geral,
4563108796,20230918001,2023-09-18,-12.0,RSCSS PAG Rosiane 16 09,Geral,
4563108796,20231016002,2023-10-16,-19.0,RSCSS PAG Rosiane 16 10,Geral,
4563108796,20230317002,2023-03-17,-10.0,RSCSS PAG Rosiane 17 03,Geral,
4563108796,20230517001,2023-05-17,-10.0,RSCSS PAG Rosiane 17 05,Geral,
4563108796,20230418001,2023-04-18,-10.0,RSCSS PAG Rosiane 18 04,Geral,
4563108796,20230718002,2023-07-18,-10.0,RSCSS PAG Rosiane 18 07,Geral,
4563108796,20230818002,2023-08-18,-10.0,RSCSS PAG Rosiane 18 08,Geral,
4563108796,20230918002,2023-09-18,-10.0,RSCSS PAG Rosiane 18 09,Geral,
4563108796,20231018001,2023-10-18,-10.0,RSCSS PAG Rosiane 18 10,Geral,
4563108796,20230519001,2023-05-19,-10.0,RSCSS PAG Rosiane 19 05,Geral,
4563108796,20230320001,2023-03-20,-10.0,RSCSS PAG Rosiane 20 03,Geral,
4563108796,20230821002,2023-08-21,-10.0,RSCSS PAG Rosiane 20 08,Geral,
4563108796,20230920003,2023-09-20,-10.0,RSCSS PAG Rosiane 20 09,Geral,
4563108796,20230424004,2023-04-24,-10.0,RSCSS PAG Rosiane 21 04,Geral,
4563108796,20230522001,2023-05-22,-10.0,RSCSS PAG Rosiane 21 05,Geral,
4563108796,20230621001,2023-06-21,-10.0,RSCSS PAG Rosiane 21 06,Geral,
4563108796,20230721001,2023-07-21,-10.0,RSCSS PAG Rosiane 21 07,Geral,
4563108796,20231023001,2023-10-23,-12.0,RSCSS PAG Rosiane 21 10,Geral,
4563108796,20230322001,2023-03-22,-19.0,RSCSS PAG Rosiane 22 03,Geral,
4563108796,20230822001,2023-08-22,-10.0,RSCSS PAG Rosiane 22 08,Geral,
4563108796,20230424005,2023-04-24,-10.0,RSCSS PAG Rosiane 23 04,Geral,
4563108796,20230523001,2023-05-23,-19.0,RSCSS PAG Rosiane 23 05,Geral,
4563108796,20230925001,2023-09-25,-10.0,RSCSS PAG Rosiane 23 09,Geral,
4563108796,20231023002,2023-10-23,-10.0,RSCSS PAG Rosiane 23 10,Geral,
4563108796,20230925002,2023-09-25,-10.0,RSCSS PAG Rosiane 24 09,Geral,
4563108796,20230227002,2023-02-27,-10.0,RSCSS PAG Rosiane 25 02,Geral,
4563108796,20230425001,2023-04-25,-10.0,RSCSS PAG Rosiane 25 04,Geral,
4563108796,20230525001,2023-05-25,-10.0,RSCSS PAG Rosiane 25 05,Geral,
4563108796,20230725001,2023-07-25,-10.0,RSCSS PAG Rosiane 25 07,Geral,
4563108796,20231025001,2023-10-25,-10.0,RSCSS PAG Rosiane 25 10,Geral,
4563108796,20230227003,2023-02-27,-10.0,RSCSS PAG Rosiane 27 02,Geral,
4563108796,20230427001,2023-04-27,-10.0,RSCSS PAG Rosiane 27 04,Geral,
4563108796,20230529001,2023-05-29,-10.0,RSCSS PAG Rosiane 27 05,Geral,
4563108796,20230727001,2023-07-27,-10.0,RSCSS PAG Rosiane 27 07,Geral,
4563108796,20230927003,2023-09-27,-10.0,RSCSS PAG Rosiane 27 09,Geral,
4563108796,20231027001,2023-10-27,-10.0,RSCSS PAG Rosiane 27 10,Geral,
4563108796,20230502002,2023-05-02,-10.0,RSCSS PAG Rosiane 29 04,Geral,
4563108796,20230529002,2023-05-29,-10.0,RSCSS PAG Rosiane 29 05,Geral,
4563108796,20230731002,2023-07-31,-10.0,RSCSS PAG Rosiane 29 07,Geral,
4563108796,20230829001,2023-08-29,-10.0,RSCSS PAG Rosiane 29 08,Geral,
4563108796,20230929001,2023-09-29,-10.0,RSCSS PAG Rosiane 29 09,Geral,
4563108796,20231030002,2023-10-30,-10.0,RSCSS PAG Rosiane 30 10,Geral,
4563108796,20230531001,2023-05-31,-19.0,RSCSS PAG Rosiane 31 05,Geral,
4563108796,20230831002,2023-08-31,-10.0,RSCSS PAG Rosiane 31 08,Geral,
4563108796,20240208003,2024-02-08,-10.0,RSCSS PAO DO EDU  0802,Geral,
4563108796,20240110008,2024-01-10,-6.9,RSCSS PISTA 5 AUT 10 01,Carro,
4563108796,20231213008,2023-12-13,-6.9,RSCSS PISTA 5 AUT 13 12,Carro,
4563108796,20240618002,2024-06-18,-6.9,RSCSS PISTA 5 AUTO1806 PISTA 5 AUTO PISTA FLU,Carro,
4563108796,20231121006,2023-11-21,-27.5,RSCSS R E L LANCH 18 11,Alimentação,
4563108796,20240909002,2024-09-09,-40.0,RSCSS RAIA2693    0909 RAIA2693,Farmácia,
4563108796,20240110001,2024-01-10,-150.52,RSCSS REDE NOVO T 10 01,Farmácia,
4563108796,20240110007,2024-01-10,-20.9,RSCSS RESTAURANTE 10 01,Alimentação,
4563108796,20231016003,2023-10-16,-23.5,RSCSS RESTAURANTE 14 10,Alimentação,
4563108796,20231121007,2023-11-21,-117.47,RSCSS RIVIERA AUT 20 11,Carro,
4563108796,20240104006,2024-01-04,-92.13,RSCSS RIVIERA DEL 04 01,Carro,
4563108796,20230718003,2023-07-18,-26.88,RSCSS RIVIERA PLA 18 07,Carro,
4563108796,20240219001,2024-02-19,-20.0,RSCSS SF DOS SANTO1702,Geral,
4563108796,20240220001,2024-02-20,-164.01,RSCSS SOLUCOE AUTO2002,Carro,
4563108796,20231206002,2023-12-06,-19.0,RSCSS TABACARIA N 06 12,Geral,
4563108796,20230718004,2023-07-18,-36.0,RSCSS TABACARIA N 18 07,Geral,
3185062241,20231206001,2023-12-06,-199.9,RSCSS TACO   TACO 06 12,Geral,
4563108796,20231201002,2023-12-01,-8.0,RSCSS THAINA COME 01 12,Alimentação,
4563108796,20240102001,2024-01-02,-14.0,RSCSS THAINA COME 02 01,Alimentação,
4563108796,20231221001,2023-12-21,-7.0,RSCSS THAINA COME 21 12,Alimentação,
4563108796,20230825001,2023-08-25,-13.0,RSCSS THAINA COME 25 08,Alimentação,
4563108796,20231228002,2023-12-28,-21.0,RSCSS THAINA COME 28 12,Alimentação,
4563108796,20240805002,2024-08-05,-23.0,RSCSS TROVAO AZUL 0508 TROVAO AZUL DISTRIBUID,Alimentação,
4563108796,20240214005,2024-02-14,-8.0,RSCSS TROVAO AZUL 1302,Alimentação,
4563108796,20240716003,2024-07-16,-8.0,RSCSS TROVAO AZUL 1607 TROVAO AZUL DISTRIBUID,Alimentação,
4563108796,20240618005,2024-06-18,-8.0,RSCSS TROVAO AZUL 1806 TROVAO AZUL DISTRIBUID,Alimentação,
4563108796,20240724001,2024-07-24,-8.0,RSCSS TROVAO AZUL 2407 TROVAO AZUL DISTRIBUID,Alimentação,
4563108796,20231113005,2023-11-13,-8.5,RSCSS VALDEMIR MA 13 11,Geral,
4563108796,20231226001,2023-12-26,-226.0,RSHOP AL OLIVEIRA 23 12,Alimentação,
3185062241,20240913001,2024-09-13,-224.5,RSHOP ARCA DE NOE 1309 ARCA DE NOE,Pet,
4563108796,20230102001,2023-01-02,-16.0,RSHOP CASA FLORA  02 01,Geral,
4563108796,20230130001,2023-01-30,-16.0,RSHOP CASA FLORA  29 01,Geral,
4563108796,20230109001,2023-01-09,-16.0,RSHOP Casa Forte  07 01,Geral,
4563108796,20230210001,2023-02-10,-72.6,RSHOP Casa Forte  10 02,Geral,
4563108796,20230504001,2023-05-04,-166.0,RSHOP EXPRESSO DA 04 05,Obra,
4563108796,20230605001,2023-06-05,-60.0,RSHOP EXPRESSO DA 05 06,Obra,
4563108796,20230417001,2023-04-17,-35.0,RSHOP EXPRESSO DA 15 04,Obra,
4563108796,20230227001,2023-02-27,-22.5,RSHOP EXPRESSO DA 25 02,Obra,
4563108796,20230831001,2023-08-31,-90.0,RSHOP EXPRESSO DA 31 08,Obra,
4563108796,20231121001,2023-11-21,-150.2,RSHOP JUS BOHRER  19 11,Geral,
4563108796,20230718001,2023-07-18,-25.0,RSHOP MANOEL PINT 18 07,Geral,
4563108796,20230605002,2023-06-05,-52.5,RSHOP MINI MARKET 05 06,Alimentação,
4563108796,20230104001,2023-01-04,-16.0,RSHOP MP  PADARIA 04 01,Alimentação,
4563108796,20230109002,2023-01-09,-16.0,RSHOP MP  PADARIA 08 01,Alimentação,
4563108796,20230110001,2023-01-10,-16.0,RSHOP MP  PADARIA 10 01,Alimentação,
4563108796,20230112001,2023-01-12,-16.0,RSHOP MP  PADARIA 12 01,Alimentação,
4563108796,20230116001,2023-01-16,-16.0,RSHOP MP  PADARIA 15 01,Alimentação,
4563108796,20230117001,2023-01-17,-16.0,RSHOP MP  PADARIA 17 01,Alimentação,
4563108796,20230124001,2023-01-24,-16.0,RSHOP MP  PADARIA 24 01,Alimentação,
4563108796,20230126001,2023-01-26,-16.0,RSHOP MP  PADARIA 26 01,Alimentação,
4563108796,20230207001,2023-02-07,-10.0,RSHOP PAG Rosiane 06 02,Geral,
4563108796,20230209001,2023-02-09,-10.0,RSHOP PAG Rosiane 09 02,Geral,
4563108796,20230210002,2023-02-10,-10.0,RSHOP PAG Rosiane 10 02,Geral,
4563108796,20230222001,2023-02-22,-10.0,RSHOP PAG Rosiane 20 02,Geral,
4563108796,20230524001,2023-05-24,-14.79,RSHOP PAGUE MENOS 24 05,Geral,
4563108796,20231213001,2023-12-13,-114.88,RSHOP REDE NOVO T 13 12,Geral,
4563108796,20231121002,2023-11-21,-165.0,RSHOP TABERNA DOS 18 11,Alimentação,
4563108796,20240104005,2024-01-04,-39.9,RSHOP VIA LAGOS   0401,Carro,
4563108796,20230605003,2023-06-05,-60.0,SAQUE 24H 251278770,Geral,
4563108796,20230503004,2023-05-03,-86.2,TAR PACOTE ITAU   ABR 23,Tarifa,
3185062241,20240503001,2024-05-03,-92.5,TAR PACOTE ITAU   ABR 24,Tarifa,
4563108796,20240503001,2024-05-03,-92.5,TAR PACOTE ITAU   ABR 24,Tarifa,
4563108796,20230904005,2023-09-04,-88.9,TAR PACOTE ITAU   AGO 23,Tarifa,
3185062241,20240903001,2024-09-03,-92.5,TAR PACOTE ITAU   AGO 24,Tarifa,
4563108796,20240903004,2024-09-03,-92.5,TAR PACOTE ITAU   AGO 24,Tarifa,
4563108796,20230103002,2023-01-03,-82.9,TAR PACOTE ITAU   DEZ 22,Tarifa,
3185062241,20240103001,2024-01-03,-88.9,TAR PACOTE ITAU   DEZ 23,Tarifa,
4563108796,20240103001,2024-01-03,-88.9,TAR PACOTE ITAU   DEZ 23,Tarifa,
4563108796,20230302003,2023-03-02,-86.2,TAR PACOTE ITAU   FEV 23,Tarifa,
3185062241,20240304001,2024-03-04,-92.5,TAR PACOTE ITAU   FEV 24,Tarifa,
4563108796,20240304002,2024-03-04,-92.5,TAR PACOTE ITAU   FEV 24,Tarifa,
4563108796,20230202003,2023-02-02,-86.2,TAR PACOTE ITAU   JAN 23,Tarifa,
3185062241,20240202001,2024-02-02,-88.9,TAR PACOTE ITAU   JAN 24,Tarifa,
4563108796,20240202002,2024-02-02,-88.9,TAR PACOTE ITAU   JAN 24,Tarifa,
4563108796,20230802004,2023-08-02,-86.2,TAR PACOTE ITAU   JUL 23,Tarifa,
3185062241,20240802001,2024-08-02,-92.5,TAR PACOTE ITAU   JUL 24,Tarifa,
4563108796,20240802002,2024-08-02,-92.5,TAR PACOTE ITAU   JUL 24,Tarifa,
4563108796,20230704001,2023-07-04,-86.2,TAR PACOTE ITAU   JUN 23,Tarifa,
3185062241,20240702001,2024-07-02,-92.5,TAR PACOTE ITAU   JUN 24,Tarifa,
4563108796,20240702001,2024-07-02,-92.5,TAR PACOTE ITAU   JUN 24,Tarifa,
4563108796,20230602002,2023-06-02,-86.2,TAR PACOTE ITAU   MAI 23,Tarifa,
3185062241,20240604002,2024-06-04,-92.5,TAR PACOTE ITAU   MAI 24,Tarifa,
4563108796,20240604003,2024-06-04,-92.5,TAR PACOTE ITAU   MAI 24,Tarifa,
4563108796,20230404003,2023-04-04,-86.2,TAR PACOTE ITAU   MAR 23,Tarifa,
3185062241,20240402001,2024-04-02,-92.5,TAR PACOTE ITAU   MAR 24,Tarifa,
4563108796,20240402001,2024-04-02,-92.5,TAR PACOTE ITAU   MAR 24,Tarifa,
3185062241,20231204004,2023-12-04,-88.9,TAR PACOTE ITAU   NOV 23,Tarifa,
4563108796,20231204003,2023-12-04,-88.9,TAR PACOTE ITAU   NOV 23,Tarifa,
4563108796,20231103002,2023-11-03,-88.9,TAR PACOTE ITAU   OUT 23,Tarifa,
4563108796,20231003002,2023-10-03,-88.9,TAR PACOTE ITAU   SET 23,Tarifa,
4563108796,20230320002,2023-03-20,300.0,TBI 4563 10879 6 500,receita,
4563108796,20230109004,2023-01-09,2100.0,TBI 4563 10879 6 500,receita,
4563108796,20230809002,2023-08-09,2000.0,TBI 4563 10879 6 500,receita,
4563108796,20230417003,2023-04-17,1700.0,TBI 4563 10879 6 500,receita,
4563108796,20230424006,2023-04-24,1500.0,TBI 4563 10879 6 500,receita,
4563108796,20230503003,2023-05-03,1000.0,TBI 4563 10879 6 500,receita,
4563108796,20230609002,2023-06-09,1000.0,TBI 4563 10879 6 500,receita,
4563108796,20230201001,2023-02-01,300.0,TBI 4563 10879 6 500,receita,
4563108796,20230203002,2023-02-03,2200.0,TBI 4563 10879 6 500,receita,
4563108796,20230217001,2023-02-17,400.0,TBI 4563 10879 6 500,receita,
3185062241,20240124002,2024-01-24,1000.0,TED 001 4075 NEYDE L D A,receita,
4563108796,20240124001,2024-01-24,1000.0,TED 001 4075 NEYDE L D A,receita,
3185062241,20240125001,2024-01-25,5102.12,TED 104 3825 NEYDE L D A,receita,
3185062241,20240226001,2024-02-26,5102.12,TED 104 3825 NEYDE L D A,receita,
3185062241,20240325001,2024-03-25,5102.12,TED 104 3825 NEYDE L D A,receita,
3185062241,20240426001,2024-04-26,5102.12,TED 104 3825 NEYDE L D A,receita,
3185062241,20240524001,2024-05-24,5102.12,TED 104 3825 NEYDE L D A,receita,
3185062241,20240621001,2024-06-21,2551.06,TED 104 3825 NEYDE L D A,receita,
3185062241,20240625001,2024-06-25,5102.12,TED 104 3825 NEYDE L D A,receita,
3185062241,20240725001,2024-07-25,5102.12,TED 104 3825 NEYDE L D A,receita,
3185062241,20240823001,2024-08-23,5102.12,TED 104 3825 NEYDE L D A,receita,
3185062241,20240925001,2024-09-25,5102.12,TED 104 3825 NEYDE L D A,receita,
3185062241,20231204003,2023-12-04,2459.8,TED 104 3825 NEYDE L D A,receita,
3185062241,20231222002,2023-12-22,5083.48,TED 104 3825 NEYDE L D A,receita,
